{"cameraMode":{"drawMode":0,"name":"Shaded","section":"Shading Mode"},"sceneLighting":false,"audioPlay":false,"sceneViewState":{"m_AlwaysRefresh":false,"showFog":true,"showSkybox":false,"showFlares":true,"showImageEffects":true,"showParticleSystems":true,"showVisualEffectGraphs":true,"m_FxEnabled":true},"in2DMode":false,"pivot":{"x":-22.551795959472658,"y":2.9189095497131349,"z":-49.42353439331055},"rotation":{"x":-0.036244601011276248,"y":0.05697955936193466,"z":-0.0020544726867228748,"w":-0.9977686405181885},"size":0.30310797691345217,"orthographic":false}